{
  "files": {
    "/p/gpfs1/haridev/temp/h5bench/sync-write-1d-strided-large-col_1_40/test.h5": {
      "session_io": {
        "open_timestamp": [
          7.988932132720947,
          8.996121883392334
        ],
        "close_timestamp": [
          24.05272078514099,
          24.053313970565796
        ],
        "read_timestamp": [
          0,
          0
        ],
        "write_timestamp": [
          0,
          0
        ]
      },
      "mode": 0,
      "process_sharing": [
        0,
        1,
        2,
        3,
        4,
        5,
        6,
        7,
        8,
        9,
        10,
        11,
        12,
        13,
        14,
        15,
        16,
        17,
        18,
        19,
        20,
        21,
        22,
        23,
        24,
        25,
        26,
        27,
        28,
        29,
        30,
        31,
        32,
        33,
        34,
        35,
        36,
        37,
        38,
        39
      ],
      "fs_size": 42949672960,
      "sharing_pattern": 1,
      "ap_distribution": {
        "1": 0,
        "0": 8,
        "2": 0,
        "3": 0
      },
      "top_accessed_segments": {},
      "transfer_size_dist": {
        "1": {
          "sum": 268435456,
          "count": 8
        },
        "2": {
          "sum": 0,
          "count": 8
        },
        "3": {
          "sum": 0,
          "count": 8
        },
        "4": {
          "sum": 0,
          "count": 0
        }
      },
      "ds_size_dist": {
        "sum": 42949672960,
        "count": 8
      }
    }
  },
  "datasets": {
    "/p/gpfs1/haridev/temp/h5bench/sync-write-1d-strided-large-col_1_40/test.h5:/Timestep_0x": {
      "filename": "/p/gpfs1/haridev/temp/h5bench/sync-write-1d-strided-large-col_1_40/test.h5",
      "dataset_name": "/p/gpfs1/haridev/temp/h5bench/sync-write-1d-strided-large-col_1_40/test.h5:/Timestep_0x",
      "ndims": 1,
      "session_io": {
        "open_timestamp": [
          8.995867252349854,
          8.996463775634766
        ],
        "close_timestamp": [
          11.048532009124756,
          11.049125671386719
        ],
        "read_timestamp": [
          0.0,
          0.0
        ],
        "write_timestamp": [
          9.201921939849854,
          9.505748510360718
        ]
      },
      "type": 0,
      "top_accessed_segments": {
        "1": {
          "length": [
            33554432
          ],
          "count": 40,
          "stride": [
            1048576
          ],
          "access": 134217728
        },
        "2": {
          "length": [
            0
          ],
          "count": 0,
          "stride": [
            0
          ],
          "access": 0
        },
        "3": {
          "length": [
            0
          ],
          "count": 0,
          "stride": [
            0
          ],
          "access": 0
        }
      },
      "transfer_size_dist": {
        "1": 33554432,
        "2": 0,
        "3": 0
      },
      "process_sharing": [
        0,
        1,
        2,
        3,
        4,
        5,
        6,
        7,
        8,
        9,
        10,
        11,
        12,
        13,
        14,
        15,
        16,
        17,
        18,
        19,
        20,
        21,
        22,
        23,
        24,
        25,
        26,
        27,
        28,
        29,
        30,
        31,
        32,
        33,
        34,
        35,
        36,
        37,
        38,
        39
      ],
      "fs_size": 5368709120,
      "sharing_pattern": 1,
      "mode": 0
    },
    "/p/gpfs1/haridev/temp/h5bench/sync-write-1d-strided-large-col_1_40/test.h5:/Timestep_0pz": {
      "filename": "/p/gpfs1/haridev/temp/h5bench/sync-write-1d-strided-large-col_1_40/test.h5",
      "dataset_name": "/p/gpfs1/haridev/temp/h5bench/sync-write-1d-strided-large-col_1_40/test.h5:/Timestep_0pz",
      "ndims": 1,
      "session_io": {
        "open_timestamp": [
          8.995867252349854,
          8.996463775634766
        ],
        "close_timestamp": [
          11.048532009124756,
          11.049125671386719
        ],
        "read_timestamp": [
          0.0,
          0.0
        ],
        "write_timestamp": [
          9.201921939849854,
          9.505748510360718
        ]
      },
      "type": 0,
      "top_accessed_segments": {
        "1": {
          "length": [
            33554432
          ],
          "count": 40,
          "stride": [
            1048576
          ],
          "access": 134217728
        },
        "2": {
          "length": [
            0
          ],
          "count": 0,
          "stride": [
            0
          ],
          "access": 0
        },
        "3": {
          "length": [
            0
          ],
          "count": 0,
          "stride": [
            0
          ],
          "access": 0
        }
      },
      "transfer_size_dist": {
        "1": 33554432,
        "2": 0,
        "3": 0
      },
      "process_sharing": [
        0,
        1,
        2,
        3,
        4,
        5,
        6,
        7,
        8,
        9,
        10,
        11,
        12,
        13,
        14,
        15,
        16,
        17,
        18,
        19,
        20,
        21,
        22,
        23,
        24,
        25,
        26,
        27,
        28,
        29,
        30,
        31,
        32,
        33,
        34,
        35,
        36,
        37,
        38,
        39
      ],
      "fs_size": 5368709120,
      "sharing_pattern": 1,
      "mode": 0
    },
    "/p/gpfs1/haridev/temp/h5bench/sync-write-1d-strided-large-col_1_40/test.h5:/Timestep_0z": {
      "filename": "/p/gpfs1/haridev/temp/h5bench/sync-write-1d-strided-large-col_1_40/test.h5",
      "dataset_name": "/p/gpfs1/haridev/temp/h5bench/sync-write-1d-strided-large-col_1_40/test.h5:/Timestep_0z",
      "ndims": 1,
      "session_io": {
        "open_timestamp": [
          8.995867252349854,
          8.996463775634766
        ],
        "close_timestamp": [
          11.048532009124756,
          11.049125671386719
        ],
        "read_timestamp": [
          0.0,
          0.0
        ],
        "write_timestamp": [
          9.201921939849854,
          9.505748510360718
        ]
      },
      "type": 0,
      "top_accessed_segments": {
        "1": {
          "length": [
            33554432
          ],
          "count": 40,
          "stride": [
            1048576
          ],
          "access": 134217728
        },
        "2": {
          "length": [
            0
          ],
          "count": 0,
          "stride": [
            0
          ],
          "access": 0
        },
        "3": {
          "length": [
            0
          ],
          "count": 0,
          "stride": [
            0
          ],
          "access": 0
        }
      },
      "transfer_size_dist": {
        "1": 33554432,
        "2": 0,
        "3": 0
      },
      "process_sharing": [
        0,
        1,
        2,
        3,
        4,
        5,
        6,
        7,
        8,
        9,
        10,
        11,
        12,
        13,
        14,
        15,
        16,
        17,
        18,
        19,
        20,
        21,
        22,
        23,
        24,
        25,
        26,
        27,
        28,
        29,
        30,
        31,
        32,
        33,
        34,
        35,
        36,
        37,
        38,
        39
      ],
      "fs_size": 5368709120,
      "sharing_pattern": 1,
      "mode": 0
    },
    "/p/gpfs1/haridev/temp/h5bench/sync-write-1d-strided-large-col_1_40/test.h5:/Timestep_0id_1": {
      "filename": "/p/gpfs1/haridev/temp/h5bench/sync-write-1d-strided-large-col_1_40/test.h5",
      "dataset_name": "/p/gpfs1/haridev/temp/h5bench/sync-write-1d-strided-large-col_1_40/test.h5:/Timestep_0id_1",
      "ndims": 1,
      "session_io": {
        "open_timestamp": [
          8.995867252349854,
          8.996463775634766
        ],