{
  "files": {
    "/p/gpfs1/haridev/temp/h5bench/sync-write-1d-strided-small-col_1_40/test.h5": {
      "session_io": {
        "open_timestamp": [
          0.28121161460876465,
          0.32541680335998535
        ],
        "close_timestamp": [
          10.109496355056763,
          10.110081434249878
        ],
        "read_timestamp": [
          0,
          0
        ],
        "write_timestamp": [
          0,
          0
        ]
      },
      "mode": 0,
      "process_sharing": [
        0,
        1,
        2,
        3,
        4,
        5,
        6,
        7,
        8,
        9,
        10,
        11,
        12,
        13,
        14,
        15,
        16,
        17,
        18,
        19,
        20,
        21,
        22,
        23,
        24,
        25,
        26,
        27,
        28,
        29,
        30,
        31,
        32,
        33,
        34,
        35,
        36,
        37,
        38,
        39
      ],
      "fs_size": 671088640,
      "sharing_pattern": 1,
      "ap_distribution": {
        "1": 0,
        "0": 8,
        "2": 0,
        "3": 0
      },
      "top_accessed_segments": {},
      "transfer_size_dist": {
        "1": {
          "sum": 4194304,
          "count": 8
        },
        "2": {
          "sum": 0,
          "count": 8
        },
        "3": {
          "sum": 0,
          "count": 8
        },
        "4": {
          "sum": 0,
          "count": 0
        }
      },
      "ds_size_dist": {
        "sum": 671088640,
        "count": 8
      }
    }
  },
  "datasets": {
    "/p/gpfs1/haridev/temp/h5bench/sync-write-1d-strided-small-col_1_40/test.h5:/Timestep_0px": {
      "filename": "/p/gpfs1/haridev/temp/h5bench/sync-write-1d-strided-small-col_1_40/test.h5",
      "dataset_name": "/p/gpfs1/haridev/temp/h5bench/sync-write-1d-strided-small-col_1_40/test.h5:/Timestep_0px",
      "ndims": 1,
      "session_io": {
        "open_timestamp": [
          0.32534241676330566,
          0.3259239196777344
        ],
        "close_timestamp": [
          1.3817415237426758,
          1.3823275566101074
        ],
        "read_timestamp": [
          0.0,
          0.0
        ],
        "write_timestamp": [
          1.3329906463623047,
          1.3822543621063232
        ]
      },
      "type": 0,
      "top_accessed_segments": {
        "1": {
          "length": [
            524288
          ],
          "count": 40,
          "stride": [
            4096
          ],
          "access": 2097152
        },
        "2": {
          "length": [
            0
          ],
          "count": 0,
          "stride": [
            0
          ],
          "access": 0
        },
        "3": {
          "length": [
            0
          ],
          "count": 0,
          "stride": [
            0
          ],
          "access": 0
        }
      },
      "transfer_size_dist": {
        "1": 524288,
        "2": 0,
        "3": 0
      },
      "process_sharing": [
        0,
        1,
        2,
        3,
        4,
        5,
        6,
        7,
        8,
        9,
        10,
        11,
        12,
        13,
        14,
        15,
        16,
        17,
        18,
        19,
        20,
        21,
        22,
        23,
        24,
        25,
        26,
        27,
        28,
        29,
        30,
        31,
        32,
        33,
        34,
        35,
        36,
        37,
        38,
        39
      ],
      "fs_size": 83886080,
      "sharing_pattern": 1,
      "mode": 0
    },
    "/p/gpfs1/haridev/temp/h5bench/sync-write-1d-strided-small-col_1_40/test.h5:/Timestep_0x": {
      "filename": "/p/gpfs1/haridev/temp/h5bench/sync-write-1d-strided-small-col_1_40/test.h5",
      "dataset_name": "/p/gpfs1/haridev/temp/h5bench/sync-write-1d-strided-small-col_1_40/test.h5:/Timestep_0x",
      "ndims": 1,
      "session_io": {
        "open_timestamp": [
          0.32534241676330566,
          0.3259239196777344
        ],
        "close_timestamp": [
          1.3817415237426758,
          1.3823275566101074
        ],
        "read_timestamp": [
          0.0,
          0.0
        ],
        "write_timestamp": [
          1.3329906463623047,
          1.3822543621063232
        ]
      },
      "type": 0,
      "top_accessed_segments": {
        "1": {
          "length": [
            524288
          ],
          "count": 40,
          "stride": [
            4096
          ],
          "access": 2097152
        },
        "2": {
          "length": [
            0
          ],
          "count": 0,
          "stride": [
            0
          ],
          "access": 0
        },
        "3": {
          "length": [
            0
          ],
          "count": 0,
          "stride": [
            0
          ],
          "access": 0
        }
      },
      "transfer_size_dist": {
        "1": 524288,
        "2": 0,
        "3": 0
      },
      "process_sharing": [
        0,
        1,
        2,
        3,
        4,
        5,
        6,
        7,
        8,
        9,
        10,
        11,
        12,
        13,
        14,
        15,
        16,
        17,
        18,
        19,
        20,
        21,
        22,
        23,
        24,
        25,
        26,
        27,
        28,
        29,
        30,
        31,
        32,
        33,
        34,
        35,
        36,
        37,
        38,
        39
      ],
      "fs_size": 83886080,
      "sharing_pattern": 1,
      "mode": 0
    },
    "/p/gpfs1/haridev/temp/h5bench/sync-write-1d-strided-small-col_1_40/test.h5:/Timestep_0y": {
      "filename": "/p/gpfs1/haridev/temp/h5bench/sync-write-1d-strided-small-col_1_40/test.h5",
      "dataset_name": "/p/gpfs1/haridev/temp/h5bench/sync-write-1d-strided-small-col_1_40/test.h5:/Timestep_0y",
      "ndims": 1,
      "session_io": {
        "open_timestamp": [
          0.32534241676330566,
          0.3259239196777344
        ],
        "close_timestamp": [
          1.3817415237426758,
          1.3823275566101074
        ],
        "read_timestamp": [
          0.0,
          0.0
        ],
        "write_timestamp": [
          1.3329906463623047,
          1.3822543621063232
        ]
      },
      "type": 0,
      "top_accessed_segments": {
        "1": {
          "length": [
            524288
          ],
          "count": 40,
          "stride": [
            4096
          ],
          "access": 2097152
        },
        "2": {
          "length": [
            0
          ],
          "count": 0,
          "stride": [
            0
          ],
          "access": 0
        },
        "3": {
          "length": [
            0
          ],
          "count": 0,
          "stride": [
            0
          ],
          "access": 0
        }
      },
      "transfer_size_dist": {
        "1": 524288,
        "2": 0,
        "3": 0
      },
      "process_sharing": [
        0,
        1,
        2,
        3,
        4,
        5,
        6,
        7,
        8,
        9,
        10,
        11,
        12,
        13,
        14,
        15,
        16,
        17,
        18,
        19,
        20,
        21,
        22,
        23,
        24,
        25,
        26,
        27,
        28,
        29,
        30,
        31,
        32,
        33,
        34,
        35,
        36,
        37,
        38,
        39
      ],
      "fs_size": 83886080,
      "sharing_pattern": 1,
      "mode": 0
    },
    "/p/gpfs1/haridev/temp/h5bench/sync-write-1d-strided-small-col_1_40/test.h5:/Timestep_0py": {
      "filename": "/p/gpfs1/haridev/temp/h5bench/sync-write-1d-strided-small-col_1_40/test.h5",
      "dataset_name": "/p/gpfs1/haridev/temp/h5bench/sync-write-1d-strided-small-col_1_40/test.h5:/Timestep_0py",
      "ndims": 1,
      "session_io": {
        "open_timestamp": [
          0.32534241676330566,
          0.3259239196777344
        ],